Geography,sex,date,Labour force 5,Employment 6,Unemployment 7
Canada,Both sexes,2015-04-01,19213.40,17898.60,1314.80
Canada,Both sexes,2015-05-01,19258.90,17941.70,1317.10
Canada,Both sexes,2015-06-01,19269.30,17949.00,1320.30
Canada,Both sexes,2015-07-01,19294.50,17976.30,1318.20
Canada,Both sexes,2015-08-01,19342.00,17990.40,1351.60
Canada,Both sexes,2015-09-01,19354.70,17987.10,1367.70
Canada,Both sexes,2015-10-01,19353.20,18007.10,1346.10
Canada,Both sexes,2015-11-01,19363.60,17986.60,1377.10
Canada,Both sexes,2015-12-01,19380.80,17995.60,1385.20
Canada,Both sexes,2016-01-01,19387.70,17994.30,1393.30
Canada,Both sexes,2016-02-01,19410.10,18000.60,1409.50
Canada,Both sexes,2016-03-01,19398.30,18026.30,1372.00
Canada,Both sexes,2016-04-01,19431.60,18045.50,1386.10
Canada,Both sexes,2016-05-01,19400.40,18052.20,1348.20
Canada,Both sexes,2016-06-01,19375.70,18057.20,1318.50
Canada,Both sexes,2016-07-01,19393.00,18044.50,1348.50
Canada,Both sexes,2016-08-01,19437.50,18088.90,1348.50
Canada,Both sexes,2016-09-01,19502.30,18147.40,1354.90
Canada,Both sexes,2016-10-01,19527.80,18181.40,1346.40
Canada,Both sexes,2016-11-01,19507.10,18164.80,1342.30
Canada,Both sexes,2016-12-01,19548.20,18193.90,1354.30
Canada,Both sexes,2017-01-01,19594.90,18276.40,1318.50
Canada,Both sexes,2017-02-01,19579.70,18289.80,1290.00
Canada,Both sexes,2017-03-01,19610.90,18306.10,1304.80
Canada,Both sexes,2017-04-01,19586.40,18323.10,1263.40
Canada,Both sexes,2017-05-01,19670.80,18372.40,1298.50
Canada,Both sexes,2017-06-01,19676.70,18414.60,1262.10
Canada,Both sexes,2017-07-01,19671.30,18438.80,1232.50
Canada,Both sexes,2017-08-01,19674.50,18474.90,1199.60
Canada,Both sexes,2017-09-01,19678.90,18467.40,1211.60
Canada,Both sexes,2017-10-01,19725.20,18496.80,1228.40
Canada,Both sexes,2017-11-01,19735.80,18560.50,1175.30
Canada,Both sexes,2017-12-01,19776.20,18625.30,1150.90
Canada,Both sexes,2018-01-01,19703.40,18551.40,1152.00
Canada,Both sexes,2018-02-01,19705.90,18559.40,1146.50
Canada,Both sexes,2018-03-01,19747.10,18601.40,1145.60
Canada,Both sexes,2018-04-01,19752.80,18595.20,1157.60
Canada,Both sexes,2018-05-01,19762.50,18590.30,1172.10
Canada,Both sexes,2018-06-01,19829.20,18630.00,1199.30
Canada,Both sexes,2018-07-01,19847.50,18690.50,1157.00
Canada,Both sexes,2018-08-01,19822.50,18640.50,1182.00
Canada,Both sexes,2018-09-01,19863.90,18699.40,1164.50
Canada,Both sexes,2018-10-01,19861.10,18715.40,1145.70
Canada,Both sexes,2018-11-01,19938.60,18815.00,1123.60
Canada,Both sexes,2018-12-01,19960.30,18824.70,1135.60
Canada,Both sexes,2019-01-01,20053.80,18891.40,1162.40
Canada,Both sexes,2019-02-01,20104.10,18944.10,1160.00
Canada,Both sexes,2019-03-01,20099.50,18943.90,1155.60
Canada,Both sexes,2019-04-01,20196.20,19041.60,1154.60
Canada,Both sexes,2019-05-01,20142.70,19050.40,1092.30
Canada,Both sexes,2019-06-01,20174.00,19051.20,1122.90
Canada,Both sexes,2019-07-01,20191.20,19037.90,1153.30
Canada,Both sexes,2019-08-01,20273.00,19113.30,1159.70
Canada,Both sexes,2019-09-01,20263.20,19154.90,1108.40
Canada,Both sexes,2019-10-01,20281.10,19151.70,1129.40
Canada,Both sexes,2019-11-01,20289.30,19097.30,1192.10
Canada,Both sexes,2019-12-01,20267.70,19124.60,1143.20
Canada,Both sexes,2020-01-01,20283.50,19159.10,1124.40
Canada,Both sexes,2020-02-01,20323.20,19189.40,1133.80
Canada,Both sexes,2020-03-01,19725.70,18178.70,1547.00
Canada,Both sexes,2020-04-01,18603.20,16184.90,2418.30
Canada,Both sexes,2020-05-01,19093.70,16474.50,2619.20
Canada,Both sexes,2020-06-01,19880.00,17427.40,2452.60
Canada,Both sexes,2020-07-01,20029.50,17845.90,2183.60
Canada,Both sexes,2020-08-01,20138.60,18091.70,2046.90
Canada,Males,2015-04-01,10132.50,9387.00,745.60
Canada,Males,2015-05-01,10184.10,9427.90,756.20
Canada,Males,2015-06-01,10202.00,9449.80,752.20
Canada,Males,2015-07-01,10217.40,9457.40,760.00
Canada,Males,2015-08-01,10230.30,9458.20,772.10
Canada,Males,2015-09-01,10232.70,9451.60,781.10
Canada,Males,2015-10-01,10219.40,9451.30,768.10
Canada,Males,2015-11-01,10216.80,9436.00,780.90
Canada,Males,2015-12-01,10235.80,9427.70,808.10
Canada,Males,2016-01-01,10232.60,9422.60,809.90
Canada,Males,2016-02-01,10246.70,9422.10,824.60
Canada,Males,2016-03-01,10213.20,9415.70,797.50
Canada,Males,2016-04-01,10231.20,9432.00,799.20
Canada,Males,2016-05-01,10213.10,9436.60,776.50
Canada,Males,2016-06-01,10199.20,9430.20,769.00
Canada,Males,2016-07-01,10206.90,9424.60,782.40
Canada,Males,2016-08-01,10233.90,9453.50,780.40
Canada,Males,2016-09-01,10272.50,9490.40,782.10
Canada,Males,2016-10-01,10287.20,9512.00,775.20
Canada,Males,2016-11-01,10283.10,9508.90,774.20
Canada,Males,2016-12-01,10283.80,9523.60,760.20
Canada,Males,2017-01-01,10307.20,9558.50,748.80
Canada,Males,2017-02-01,10305.30,9577.30,728.00
Canada,Males,2017-03-01,10326.20,9584.10,742.10
Canada,Males,2017-04-01,10309.80,9591.60,718.20
Canada,Males,2017-05-01,10351.90,9608.70,743.20
Canada,Males,2017-06-01,10329.80,9626.40,703.50
Canada,Males,2017-07-01,10315.90,9638.90,677.00
Canada,Males,2017-08-01,10342.20,9671.90,670.30
Canada,Males,2017-09-01,10329.30,9651.60,677.80
Canada,Males,2017-10-01,10356.50,9672.80,683.80
Canada,Males,2017-11-01,10366.20,9709.30,656.90
Canada,Males,2017-12-01,10387.60,9741.90,645.70
Canada,Males,2018-01-01,10353.60,9716.70,636.90
Canada,Males,2018-02-01,10359.80,9722.40,637.40
Canada,Males,2018-03-01,10387.40,9747.50,639.90
Canada,Males,2018-04-01,10378.10,9722.00,656.10
Canada,Males,2018-05-01,10362.40,9724.10,638.30
Canada,Males,2018-06-01,10406.40,9751.90,654.50
Canada,Males,2018-07-01,10400.70,9756.00,644.70
Canada,Males,2018-08-01,10367.10,9724.20,643.00
Canada,Males,2018-09-01,10415.90,9777.30,638.60
Canada,Males,2018-10-01,10408.90,9775.40,633.50
Canada,Males,2018-11-01,10460.30,9833.00,627.30
Canada,Males,2018-12-01,10466.50,9835.10,631.40
Canada,Males,2019-01-01,10542.00,9888.20,653.80
Canada,Males,2019-02-01,10557.10,9905.90,651.30
Canada,Males,2019-03-01,10576.00,9935.60,640.40
Canada,Males,2019-04-01,10631.80,9991.40,640.30
Canada,Males,2019-05-01,10602.50,9980.30,622.10
Canada,Males,2019-06-01,10620.80,9981.90,638.90
Canada,Males,2019-07-01,10643.80,9998.40,645.40
Canada,Males,2019-08-01,10682.20,10026.20,656.00
Canada,Males,2019-09-01,10648.00,10037.10,610.90
Canada,Males,2019-10-01,10665.70,10032.60,633.10
Canada,Males,2019-11-01,10671.00,10004.00,667.00
Canada,Males,2019-12-01,10663.00,10028.20,634.90
Canada,Males,2020-01-01,10658.80,10045.20,613.60
Canada,Males,2020-02-01,10706.50,10080.40,626.10
Canada,Males,2020-03-01,10447.10,9702.90,744.20
Canada,Males,2020-04-01,9855.80,8612.60,1243.20
Canada,Males,2020-05-01,10191.50,8818.70,1372.80
Canada,Males,2020-06-01,10581.00,9305.20,1275.80
Canada,Males,2020-07-01,10655.80,9449.00,1206.80
Canada,Males,2020-08-01,10693.10,9544.60,1148.50
Canada,Females,2015-04-01,9080.90,8511.70,569.20
Canada,Females,2015-05-01,9074.70,8513.80,560.90
Canada,Females,2015-06-01,9067.30,8499.20,568.10
Canada,Females,2015-07-01,9077.20,8518.90,558.30
Canada,Females,2015-08-01,9111.60,8532.20,579.40
Canada,Females,2015-09-01,9122.00,8535.40,586.60
Canada,Females,2015-10-01,9133.80,8555.80,578.00
Canada,Females,2015-11-01,9146.80,8550.60,596.20
Canada,Females,2015-12-01,9145.00,8567.90,577.10
Canada,Females,2016-01-01,9155.10,8571.70,583.40
Canada,Females,2016-02-01,9163.40,8578.60,584.80
Canada,Females,2016-03-01,9185.10,8610.60,574.40
Canada,Females,2016-04-01,9200.40,8613.50,586.90
Canada,Females,2016-05-01,9187.30,8615.60,571.70
Canada,Females,2016-06-01,9176.50,8627.00,549.50
Canada,Females,2016-07-01,9186.10,8620.00,566.10
Canada,Females,2016-08-01,9203.60,8635.50,568.10
Canada,Females,2016-09-01,9229.80,8657.00,572.80
Canada,Females,2016-10-01,9240.60,8669.40,571.20
Canada,Females,2016-11-01,9224.00,8655.90,568.10
Canada,Females,2016-12-01,9264.40,8670.30,594.00
Canada,Females,2017-01-01,9287.70,8717.90,569.80
Canada,Females,2017-02-01,9274.40,8712.50,561.90
Canada,Females,2017-03-01,9284.70,8721.90,562.70
Canada,Females,2017-04-01,9276.70,8731.50,545.20
Canada,Females,2017-05-01,9318.90,8763.60,555.30
Canada,Females,2017-06-01,9346.90,8788.30,558.60
Canada,Females,2017-07-01,9355.40,8799.90,555.50
Canada,Females,2017-08-01,9332.30,8803.00,529.30
Canada,Females,2017-09-01,9349.60,8815.80,533.80
Canada,Females,2017-10-01,9368.70,8824.10,544.60
Canada,Females,2017-11-01,9369.60,8851.20,518.40
Canada,Females,2017-12-01,9388.60,8883.40,505.10
Canada,Females,2018-01-01,9349.80,8834.70,515.10
Canada,Females,2018-02-01,9346.10,8837.10,509.00
Canada,Females,2018-03-01,9359.60,8853.90,505.70
Canada,Females,2018-04-01,9374.70,8873.20,501.50
Canada,Females,2018-05-01,9400.10,8866.20,533.90
Canada,Females,2018-06-01,9422.80,8878.10,544.70
Canada,Females,2018-07-01,9446.80,8934.50,512.40
Canada,Females,2018-08-01,9455.30,8916.30,539.00
Canada,Females,2018-09-01,9448.00,8922.10,525.90
Canada,Females,2018-10-01,9452.20,8940.00,512.10
Canada,Females,2018-11-01,9478.20,8982.00,496.20
Canada,Females,2018-12-01,9493.80,8989.60,504.20
Canada,Females,2019-01-01,9511.80,9003.20,508.60
Canada,Females,2019-02-01,9547.00,9038.30,508.70
Canada,Females,2019-03-01,9523.60,9008.30,515.20
Canada,Females,2019-04-01,9564.50,9050.20,514.30
Canada,Females,2019-05-01,9540.20,9070.10,470.20
Canada,Females,2019-06-01,9553.20,9069.20,484.00
Canada,Females,2019-07-01,9547.40,9039.50,507.90
Canada,Females,2019-08-01,9590.90,9087.20,503.70
Canada,Females,2019-09-01,9615.20,9117.80,497.50
Canada,Females,2019-10-01,9615.40,9119.10,496.30
Canada,Females,2019-11-01,9618.40,9093.30,525.10
Canada,Females,2019-12-01,9604.70,9096.40,508.30
Canada,Females,2020-01-01,9624.70,9113.90,510.80
Canada,Females,2020-02-01,9616.70,9109.00,507.70
Canada,Females,2020-03-01,9278.70,8475.90,802.80
Canada,Females,2020-04-01,8747.40,7572.20,1175.10
Canada,Females,2020-05-01,8902.20,7655.80,1246.40
Canada,Females,2020-06-01,9299.10,8122.30,1176.80
Canada,Females,2020-07-01,9373.70,8396.90,976.80
Canada,Females,2020-08-01,9445.50,8547.10,898.40
Ontario,Both sexes,2015-04-01,7394.60,6894.00,500.60
Ontario,Both sexes,2015-05-01,7409.50,6925.80,483.70
Ontario,Both sexes,2015-06-01,7429.10,6943.90,485.20
Ontario,Both sexes,2015-07-01,7437.10,6953.90,483.30
Ontario,Both sexes,2015-08-01,7460.00,6949.80,510.20
Ontario,Both sexes,2015-09-01,7434.80,6919.60,515.20
Ontario,Both sexes,2015-10-01,7436.80,6935.00,501.80
Ontario,Both sexes,2015-11-01,7448.50,6930.30,518.30
Ontario,Both sexes,2015-12-01,7462.50,6963.10,499.40
Ontario,Both sexes,2016-01-01,7486.70,6979.80,507.00
Ontario,Both sexes,2016-02-01,7477.50,6968.80,508.60
Ontario,Both sexes,2016-03-01,7489.00,6985.60,503.50
Ontario,Both sexes,2016-04-01,7522.10,6991.00,531.10
Ontario,Both sexes,2016-05-01,7488.00,7006.80,481.20
Ontario,Both sexes,2016-06-01,7473.60,7007.80,465.80
Ontario,Both sexes,2016-07-01,7451.60,6972.60,479.00
Ontario,Both sexes,2016-08-01,7494.90,6991.40,503.50
Ontario,Both sexes,2016-09-01,7493.80,7002.60,491.20
Ontario,Both sexes,2016-10-01,7497.40,7024.70,472.70
Ontario,Both sexes,2016-11-01,7501.70,7028.30,473.30
Ontario,Both sexes,2016-12-01,7517.30,7033.30,483.90
Ontario,Both sexes,2017-01-01,7558.10,7075.10,483.00
Ontario,Both sexes,2017-02-01,7549.30,7073.60,475.70
Ontario,Both sexes,2017-03-01,7551.00,7074.00,477.00
Ontario,Both sexes,2017-04-01,7519.40,7076.70,442.80
Ontario,Both sexes,2017-05-01,7581.00,7091.60,489.40
Ontario,Both sexes,2017-06-01,7562.40,7087.90,474.60
Ontario,Both sexes,2017-07-01,7578.50,7120.30,458.10
Ontario,Both sexes,2017-08-01,7571.50,7155.60,415.80
Ontario,Both sexes,2017-09-01,7598.80,7174.20,424.60
Ontario,Both sexes,2017-10-01,7627.30,7181.50,445.80
Ontario,Both sexes,2017-11-01,7636.60,7213.00,423.60
Ontario,Both sexes,2017-12-01,7648.90,7214.80,434.10
Ontario,Both sexes,2018-01-01,7592.60,7171.50,421.10
Ontario,Both sexes,2018-02-01,7600.40,7181.20,419.20
Ontario,Both sexes,2018-03-01,7618.90,7202.40,416.50
Ontario,Both sexes,2018-04-01,7632.20,7211.10,421.10
Ontario,Both sexes,2018-05-01,7658.00,7210.70,447.30
Ontario,Both sexes,2018-06-01,7707.40,7250.50,456.80
Ontario,Both sexes,2018-07-01,7729.10,7314.70,414.40
Ontario,Both sexes,2018-08-01,7665.10,7229.10,435.90
Ontario,Both sexes,2018-09-01,7711.30,7260.30,451.00
Ontario,Both sexes,2018-10-01,7702.40,7269.50,433.00
Ontario,Both sexes,2018-11-01,7721.30,7290.90,430.40
Ontario,Both sexes,2018-12-01,7731.00,7307.10,423.80
Ontario,Both sexes,2019-01-01,7797.70,7349.10,448.60
Ontario,Both sexes,2019-02-01,7827.50,7383.80,443.70
Ontario,Both sexes,2019-03-01,7839.20,7379.90,459.30
Ontario,Both sexes,2019-04-01,7887.30,7422.40,464.90
Ontario,Both sexes,2019-05-01,7844.60,7435.40,409.20
Ontario,Both sexes,2019-06-01,7863.90,7433.20,430.80
Ontario,Both sexes,2019-07-01,7877.70,7430.30,447.40
Ontario,Both sexes,2019-08-01,7928.20,7485.40,442.90
Ontario,Both sexes,2019-09-01,7939.60,7519.30,420.30
Ontario,Both sexes,2019-10-01,7931.10,7507.40,423.70
Ontario,Both sexes,2019-11-01,7965.60,7525.30,440.30
Ontario,Both sexes,2019-12-01,7965.80,7542.40,423.50
Ontario,Both sexes,2020-01-01,7973.60,7558.30,415.30
Ontario,Both sexes,2020-02-01,7991.50,7555.10,436.40
Ontario,Both sexes,2020-03-01,7737.90,7152.30,585.60
Ontario,Both sexes,2020-04-01,7285.60,6463.10,822.40
Ontario,Both sexes,2020-05-01,7402.10,6398.60,1003.40
Ontario,Both sexes,2020-06-01,7719.90,6776.50,943.40
Ontario,Both sexes,2020-07-01,7813.80,6927.20,886.60
Ontario,Both sexes,2020-08-01,7910.40,7069.00,841.40
Ontario,Males,2015-04-01,3853.30,3586.70,266.60
Ontario,Males,2015-05-01,3876.80,3611.80,265.10
Ontario,Males,2015-06-01,3903.90,3643.20,260.70
Ontario,Males,2015-07-01,3904.40,3637.80,266.60
Ontario,Males,2015-08-01,3905.90,3627.40,278.50
Ontario,Males,2015-09-01,3893.00,3616.50,276.60
Ontario,Males,2015-10-01,3886.00,3616.70,269.30
Ontario,Males,2015-11-01,3880.30,3610.40,269.90
Ontario,Males,2015-12-01,3889.60,3612.60,277.10
Ontario,Males,2016-01-01,3906.50,3627.80,278.80
Ontario,Males,2016-02-01,3907.70,3631.40,276.30
Ontario,Males,2016-03-01,3895.80,3620.40,275.40
Ontario,Males,2016-04-01,3909.60,3620.10,289.60
Ontario,Males,2016-05-01,3887.50,3630.00,257.50
Ontario,Males,2016-06-01,3878.00,3621.90,256.10
Ontario,Males,2016-07-01,3884.20,3620.70,263.60
Ontario,Males,2016-08-01,3898.90,3623.70,275.20
Ontario,Males,2016-09-01,3904.50,3637.70,266.80
Ontario,Males,2016-10-01,3910.50,3656.40,254.10
Ontario,Males,2016-11-01,3914.50,3661.90,252.50
Ontario,Males,2016-12-01,3916.90,3675.30,241.60
Ontario,Males,2017-01-01,3947.60,3696.10,251.50
Ontario,Males,2017-02-01,3940.00,3693.80,246.10
Ontario,Males,2017-03-01,3938.90,3688.20,250.70
Ontario,Males,2017-04-01,3922.80,3685.40,237.40
Ontario,Males,2017-05-01,3953.90,3684.00,270.00
Ontario,Males,2017-06-01,3929.40,3669.60,259.80
Ontario,Males,2017-07-01,3926.60,3683.30,243.40
Ontario,Males,2017-08-01,3938.50,3713.50,225.10
Ontario,Males,2017-09-01,3943.40,3708.00,235.30
Ontario,Males,2017-10-01,3963.90,3718.30,245.60
Ontario,Males,2017-11-01,3970.60,3739.90,230.70
Ontario,Males,2017-12-01,3970.00,3733.70,236.30
Ontario,Males,2018-01-01,3933.60,3719.60,214.00
Ontario,Males,2018-02-01,3945.00,3722.60,222.30
Ontario,Males,2018-03-01,3969.80,3751.00,218.80
Ontario,Males,2018-04-01,3965.30,3740.50,224.80
Ontario,Males,2018-05-01,3972.50,3744.50,228.00
Ontario,Males,2018-06-01,4009.30,3775.10,234.20
Ontario,Males,2018-07-01,4005.70,3788.10,217.60
Ontario,Males,2018-08-01,3973.20,3754.70,218.50
Ontario,Males,2018-09-01,4011.90,3780.00,232.00
Ontario,Males,2018-10-01,4014.80,3783.70,231.10
Ontario,Males,2018-11-01,4030.80,3793.00,237.80
Ontario,Males,2018-12-01,4035.40,3801.70,233.70
Ontario,Males,2019-01-01,4082.40,3834.30,248.10
Ontario,Males,2019-02-01,4091.70,3849.80,241.90
Ontario,Males,2019-03-01,4107.00,3861.30,245.80
Ontario,Males,2019-04-01,4134.30,3892.70,241.60
Ontario,Males,2019-05-01,4110.00,3889.40,220.70
Ontario,Males,2019-06-01,4116.40,3882.80,233.50
Ontario,Males,2019-07-01,4139.50,3897.80,241.70
Ontario,Males,2019-08-01,4159.70,3918.50,241.20
Ontario,Males,2019-09-01,4151.30,3933.70,217.60
Ontario,Males,2019-10-01,4141.30,3916.20,225.10
Ontario,Males,2019-11-01,4163.20,3925.20,238.00
Ontario,Males,2019-12-01,4153.60,3934.90,218.70
Ontario,Males,2020-01-01,4149.80,3939.80,210.00
Ontario,Males,2020-02-01,4187.00,3960.80,226.20
Ontario,Males,2020-03-01,4087.10,3810.80,276.30
Ontario,Males,2020-04-01,3870.90,3446.00,424.80
Ontario,Males,2020-05-01,3934.10,3421.20,512.90
Ontario,Males,2020-06-01,4095.60,3638.20,457.40
Ontario,Males,2020-07-01,4128.90,3651.10,477.80
Ontario,Males,2020-08-01,4184.00,3707.60,476.40
Ontario,Females,2015-04-01,3541.30,3307.30,234.00
Ontario,Females,2015-05-01,3532.60,3314.00,218.60
Ontario,Females,2015-06-01,3525.20,3300.70,224.50
Ontario,Females,2015-07-01,3532.70,3316.00,216.70
Ontario,Females,2015-08-01,3554.10,3322.50,231.70
Ontario,Females,2015-09-01,3541.70,3303.10,238.60
Ontario,Females,2015-10-01,3550.80,3318.30,232.50
Ontario,Females,2015-11-01,3568.20,3319.80,248.40
Ontario,Females,2015-12-01,3572.80,3350.50,222.30
Ontario,Females,2016-01-01,3580.20,3352.00,228.20
Ontario,Females,2016-02-01,3569.80,3337.40,232.40
Ontario,Females,2016-03-01,3593.20,3365.20,228.00
Ontario,Females,2016-04-01,3612.40,3370.90,241.60
Ontario,Females,2016-05-01,3600.50,3376.80,223.70
Ontario,Females,2016-06-01,3595.60,3385.90,209.70
Ontario,Females,2016-07-01,3567.40,3351.90,215.50
Ontario,Females,2016-08-01,3596.00,3367.70,228.30
Ontario,Females,2016-09-01,3589.30,3364.90,224.40
Ontario,Females,2016-10-01,3586.80,3368.20,218.60
Ontario,Females,2016-11-01,3587.20,3366.40,220.80
Ontario,Females,2016-12-01,3600.40,3358.00,242.30
Ontario,Females,2017-01-01,3610.50,3379.00,231.40
Ontario,Females,2017-02-01,3609.30,3379.80,229.50
Ontario,Females,2017-03-01,3612.10,3385.80,226.30
Ontario,Females,2017-04-01,3596.70,3391.30,205.40
Ontario,Females,2017-05-01,3627.00,3407.60,219.40
Ontario,Females,2017-06-01,3633.00,3418.20,214.80
Ontario,Females,2017-07-01,3651.80,3437.10,214.70
Ontario,Females,2017-08-01,3632.90,3442.20,190.80
Ontario,Females,2017-09-01,3655.50,3466.20,189.20
Ontario,Females,2017-10-01,3663.40,3463.20,200.20
Ontario,Females,2017-11-01,3666.00,3473.10,192.90
Ontario,Females,2017-12-01,3678.80,3481.10,197.80
Ontario,Females,2018-01-01,3659.00,3451.90,207.10
Ontario,Females,2018-02-01,3655.40,3458.60,196.90
Ontario,Females,2018-03-01,3649.10,3451.40,197.70
Ontario,Females,2018-04-01,3666.90,3470.60,196.30
Ontario,Females,2018-05-01,3685.50,3466.20,219.30
Ontario,Females,2018-06-01,3698.10,3475.40,222.70
Ontario,Females,2018-07-01,3723.40,3526.60,196.90
Ontario,Females,2018-08-01,3691.90,3474.50,217.50
Ontario,Females,2018-09-01,3699.40,3480.40,219.10
Ontario,Females,2018-10-01,3687.60,3485.80,201.80
Ontario,Females,2018-11-01,3690.40,3497.90,192.60
Ontario,Females,2018-12-01,3695.60,3505.40,190.20
Ontario,Females,2019-01-01,3715.30,3514.90,200.50
Ontario,Females,2019-02-01,3735.80,3534.00,201.80
Ontario,Females,2019-03-01,3732.20,3518.70,213.60
Ontario,Females,2019-04-01,3753.00,3529.70,223.30
Ontario,Females,2019-05-01,3734.50,3546.00,188.50
Ontario,Females,2019-06-01,3747.60,3550.30,197.20
Ontario,Females,2019-07-01,3738.20,3532.50,205.70
Ontario,Females,2019-08-01,3768.50,3566.90,201.60
Ontario,Females,2019-09-01,3788.30,3585.60,202.70
Ontario,Females,2019-10-01,3789.80,3591.20,198.60
Ontario,Females,2019-11-01,3802.40,3600.20,202.30
Ontario,Females,2019-12-01,3812.20,3607.50,204.70
Ontario,Females,2020-01-01,3823.80,3618.50,205.30
Ontario,Females,2020-02-01,3804.50,3594.30,210.10
Ontario,Females,2020-03-01,3650.80,3341.50,309.30
Ontario,Females,2020-04-01,3414.70,3017.10,397.60
Ontario,Females,2020-05-01,3468.00,2977.40,490.50
Ontario,Females,2020-06-01,3624.30,3138.30,486.00
Ontario,Females,2020-07-01,3684.90,3276.10,408.70
Ontario,Females,2020-08-01,3726.40,3361.30,365.00
Alberta,Both sexes,2015-04-01,2448.80,2309.60,139.20
Alberta,Both sexes,2015-05-01,2450.00,2305.50,144.50
Alberta,Both sexes,2015-06-01,2447.40,2303.80,143.60
Alberta,Both sexes,2015-07-01,2454.30,2304.80,149.50
Alberta,Both sexes,2015-08-01,2453.90,2307.90,146.00
Alberta,Both sexes,2015-09-01,2476.70,2313.40,163.30
Alberta,Both sexes,2015-10-01,2461.70,2296.90,164.80
Alberta,Both sexes,2015-11-01,2462.60,2291.30,171.30
Alberta,Both sexes,2015-12-01,2455.70,2281.40,174.40
Alberta,Both sexes,2016-01-01,2457.10,2274.00,183.10
Alberta,Both sexes,2016-02-01,2473.30,2277.10,196.20
Alberta,Both sexes,2016-03-01,2459.30,2283.80,175.50
Alberta,Both sexes,2016-04-01,2452.00,2267.30,184.70
Alberta,Both sexes,2016-05-01,2449.00,2249.60,199.40
Alberta,Both sexes,2016-06-01,2445.50,2247.00,198.40
Alberta,Both sexes,2016-07-01,2466.00,2253.30,212.70
Alberta,Both sexes,2016-08-01,2456.50,2254.60,201.80
Alberta,Both sexes,2016-09-01,2476.90,2269.30,207.70
Alberta,Both sexes,2016-10-01,2482.80,2276.20,206.60
Alberta,Both sexes,2016-11-01,2487.70,2262.50,225.20
Alberta,Both sexes,2016-12-01,2479.70,2265.70,214.00
Alberta,Both sexes,2017-01-01,2489.30,2273.40,215.90
Alberta,Both sexes,2017-02-01,2475.70,2274.50,201.20
Alberta,Both sexes,2017-03-01,2493.30,2283.20,210.20
Alberta,Both sexes,2017-04-01,2483.00,2284.90,198.00
Alberta,Both sexes,2017-05-01,2488.30,2289.30,199.00
Alberta,Both sexes,2017-06-01,2481.50,2291.80,189.70
Alberta,Both sexes,2017-07-01,2476.20,2285.50,190.70
Alberta,Both sexes,2017-08-01,2486.40,2287.50,198.90
Alberta,Both sexes,2017-09-01,2470.70,2282.20,188.50
Alberta,Both sexes,2017-10-01,2475.10,2291.00,184.10
Alberta,Both sexes,2017-11-01,2476.90,2294.30,182.60
Alberta,Both sexes,2017-12-01,2494.20,2319.00,175.10
Alberta,Both sexes,2018-01-01,2491.90,2319.30,172.50
Alberta,Both sexes,2018-02-01,2479.90,2320.00,159.80
Alberta,Both sexes,2018-03-01,2487.10,2326.60,160.50
Alberta,Both sexes,2018-04-01,2488.30,2320.50,167.80
Alberta,Both sexes,2018-05-01,2483.90,2324.90,159.00
Alberta,Both sexes,2018-06-01,2489.60,2323.50,166.20
Alberta,Both sexes,2018-07-01,2492.20,2325.60,166.60
Alberta,Both sexes,2018-08-01,2507.60,2341.20,166.50
Alberta,Both sexes,2018-09-01,2512.20,2337.20,175.00
Alberta,Both sexes,2018-10-01,2514.30,2332.70,181.60
Alberta,Both sexes,2018-11-01,2512.90,2356.70,156.20
Alberta,Both sexes,2018-12-01,2501.30,2340.10,161.20
Alberta,Both sexes,2019-01-01,2497.60,2327.80,169.80
Alberta,Both sexes,2019-02-01,2513.20,2331.50,181.70
Alberta,Both sexes,2019-03-01,2502.80,2331.20,171.60
Alberta,Both sexes,2019-04-01,2519.40,2350.90,168.50
Alberta,Both sexes,2019-05-01,2516.00,2346.90,169.00
Alberta,Both sexes,2019-06-01,2522.50,2354.70,167.80
Alberta,Both sexes,2019-07-01,2520.40,2342.00,178.40
Alberta,Both sexes,2019-08-01,2525.10,2342.70,182.40
Alberta,Both sexes,2019-09-01,2511.60,2346.70,165.00
Alberta,Both sexes,2019-10-01,2523.20,2352.90,170.40
Alberta,Both sexes,2019-11-01,2521.60,2339.10,182.50
Alberta,Both sexes,2019-12-01,2513.60,2337.40,176.30
Alberta,Both sexes,2020-01-01,2500.10,2318.50,181.70
Alberta,Both sexes,2020-02-01,2510.20,2329.90,180.30
Alberta,Both sexes,2020-03-01,2423.30,2212.80,210.50
Alberta,Both sexes,2020-04-01,2273.30,1969.00,304.30
Alberta,Both sexes,2020-05-01,2362.30,1997.20,365.10
Alberta,Both sexes,2020-06-01,2471.30,2088.80,382.50
Alberta,Both sexes,2020-07-01,2472.20,2156.10,316.10
Alberta,Both sexes,2020-08-01,2456.20,2165.80,290.40
Alberta,Males,2015-04-01,1350.50,1271.50,79.00
Alberta,Males,2015-05-01,1352.50,1268.80,83.70
Alberta,Males,2015-06-01,1345.70,1264.50,81.20
Alberta,Males,2015-07-01,1355.60,1262.70,92.90
Alberta,Males,2015-08-01,1354.20,1264.80,89.50
Alberta,Males,2015-09-01,1360.20,1263.30,96.90
Alberta,Males,2015-10-01,1356.70,1255.60,101.10
Alberta,Males,2015-11-01,1355.90,1249.30,106.60
Alberta,Males,2015-12-01,1351.90,1242.80,109.00
Alberta,Males,2016-01-01,1348.10,1236.40,111.70
Alberta,Males,2016-02-01,1348.80,1236.70,112.10
Alberta,Males,2016-03-01,1345.80,1242.80,102.90
Alberta,Males,2016-04-01,1342.60,1237.50,105.10
Alberta,Males,2016-05-01,1348.40,1228.80,119.60
Alberta,Males,2016-06-01,1345.60,1224.70,120.90
Alberta,Males,2016-07-01,1356.30,1226.40,129.90
Alberta,Males,2016-08-01,1348.30,1226.30,122.10
Alberta,Males,2016-09-01,1364.70,1241.30,123.40
Alberta,Males,2016-10-01,1363.50,1239.20,124.30
Alberta,Males,2016-11-01,1368.50,1228.00,140.50
Alberta,Males,2016-12-01,1364.30,1233.10,131.10
Alberta,Males,2017-01-01,1359.00,1230.90,128.10
Alberta,Males,2017-02-01,1360.50,1236.90,123.60
Alberta,Males,2017-03-01,1364.50,1238.40,126.10
Alberta,Males,2017-04-01,1362.50,1244.10,118.40
Alberta,Males,2017-05-01,1367.10,1248.00,119.10
Alberta,Males,2017-06-01,1360.60,1247.80,112.80
Alberta,Males,2017-07-01,1352.70,1250.10,102.60
Alberta,Males,2017-08-01,1369.00,1258.10,110.90
Alberta,Males,2017-09-01,1350.40,1245.30,105.00
Alberta,Males,2017-10-01,1356.60,1249.30,107.20
Alberta,Males,2017-11-01,1352.60,1253.90,98.80
Alberta,Males,2017-12-01,1360.40,1263.10,97.30
Alberta,Males,2018-01-01,1367.40,1265.90,101.50
Alberta,Males,2018-02-01,1355.90,1263.30,92.60
Alberta,Males,2018-03-01,1360.60,1264.80,95.80
Alberta,Males,2018-04-01,1356.80,1258.10,98.80
Alberta,Males,2018-05-01,1348.60,1264.00,84.50
Alberta,Males,2018-06-01,1355.10,1266.30,88.80
Alberta,Males,2018-07-01,1352.80,1259.00,93.70
Alberta,Males,2018-08-01,1352.60,1260.80,91.80
Alberta,Males,2018-09-01,1369.10,1266.50,102.60
Alberta,Males,2018-10-01,1370.60,1264.10,106.40
Alberta,Males,2018-11-01,1367.60,1271.90,95.70
Alberta,Males,2018-12-01,1353.40,1260.00,93.40
Alberta,Males,2019-01-01,1353.40,1253.10,100.30
Alberta,Males,2019-02-01,1359.30,1256.50,102.80
Alberta,Males,2019-03-01,1356.60,1260.50,96.10
Alberta,Males,2019-04-01,1365.90,1269.70,96.10
Alberta,Males,2019-05-01,1360.70,1260.70,100.00
Alberta,Males,2019-06-01,1363.30,1267.40,95.90
Alberta,Males,2019-07-01,1372.10,1265.00,107.10
Alberta,Males,2019-08-01,1379.50,1262.50,117.00
Alberta,Males,2019-09-01,1358.20,1260.60,97.60
Alberta,Males,2019-10-01,1364.50,1263.20,101.30
Alberta,Males,2019-11-01,1370.80,1262.70,108.00
Alberta,Males,2019-12-01,1366.60,1262.70,103.90
Alberta,Males,2020-01-01,1352.70,1254.90,97.80
Alberta,Males,2020-02-01,1360.50,1257.80,102.70
Alberta,Males,2020-03-01,1324.50,1213.20,111.30
Alberta,Males,2020-04-01,1242.60,1086.70,155.80
Alberta,Males,2020-05-01,1319.40,1107.70,211.80
Alberta,Males,2020-06-01,1371.00,1148.30,222.70
Alberta,Males,2020-07-01,1356.90,1174.70,182.10
Alberta,Males,2020-08-01,1346.30,1178.10,168.20
Alberta,Females,2015-04-01,1098.30,1038.10,60.20
Alberta,Females,2015-05-01,1097.50,1036.60,60.90
Alberta,Females,2015-06-01,1101.70,1039.30,62.40
Alberta,Females,2015-07-01,1098.80,1042.10,56.60
Alberta,Females,2015-08-01,1099.70,1043.10,56.50
Alberta,Females,2015-09-01,1116.50,1050.10,66.40
Alberta,Females,2015-10-01,1105.00,1041.30,63.70
Alberta,Females,2015-11-01,1106.70,1042.00,64.70
Alberta,Females,2015-12-01,1103.80,1038.50,65.30
Alberta,Females,2016-01-01,1109.00,1037.60,71.40
Alberta,Females,2016-02-01,1124.40,1040.30,84.10
Alberta,Females,2016-03-01,1113.50,1041.00,72.50
Alberta,Females,2016-04-01,1109.40,1029.80,79.60
Alberta,Females,2016-05-01,1100.60,1020.80,79.80
Alberta,Females,2016-06-01,1099.90,1022.30,77.50
Alberta,Females,2016-07-01,1109.70,1026.90,82.70
Alberta,Females,2016-08-01,1108.10,1028.40,79.80
Alberta,Females,2016-09-01,1112.20,1027.90,84.30
Alberta,Females,2016-10-01,1119.30,1037.10,82.30
Alberta,Females,2016-11-01,1119.10,1034.50,84.70
Alberta,Females,2016-12-01,1115.50,1032.50,82.90
Alberta,Females,2017-01-01,1130.40,1042.50,87.80
Alberta,Females,2017-02-01,1115.30,1037.60,77.60
Alberta,Females,2017-03-01,1128.80,1044.70,84.10
Alberta,Females,2017-04-01,1120.50,1040.80,79.60
Alberta,Females,2017-05-01,1121.20,1041.30,79.90
Alberta,Females,2017-06-01,1120.90,1044.00,76.90
Alberta,Females,2017-07-01,1123.50,1035.50,88.00
Alberta,Females,2017-08-01,1117.40,1029.40,88.00
Alberta,Females,2017-09-01,1120.40,1036.90,83.50
Alberta,Females,2017-10-01,1118.50,1041.60,76.90
Alberta,Females,2017-11-01,1124.30,1040.40,83.90
Alberta,Females,2017-12-01,1133.70,1055.90,77.80
Alberta,Females,2018-01-01,1124.50,1053.40,71.10
Alberta,Females,2018-02-01,1124.00,1056.80,67.20
Alberta,Females,2018-03-01,1126.50,1061.80,64.80
Alberta,Females,2018-04-01,1131.50,1062.50,69.00
Alberta,Females,2018-05-01,1135.30,1060.80,74.50
Alberta,Females,2018-06-01,1134.50,1057.10,77.40
Alberta,Females,2018-07-01,1139.40,1066.60,72.90
Alberta,Females,2018-08-01,1155.00,1080.30,74.70
Alberta,Females,2018-09-01,1143.10,1070.60,72.40
Alberta,Females,2018-10-01,1143.70,1068.50,75.20
Alberta,Females,2018-11-01,1145.30,1084.80,60.50
Alberta,Females,2018-12-01,1147.80,1080.00,67.80
Alberta,Females,2019-01-01,1144.20,1074.70,69.50
Alberta,Females,2019-02-01,1153.90,1075.00,78.90
Alberta,Females,2019-03-01,1146.20,1070.70,75.50
Alberta,Females,2019-04-01,1153.60,1081.20,72.30
Alberta,Females,2019-05-01,1155.30,1086.30,69.00
Alberta,Females,2019-06-01,1159.20,1087.30,71.90
Alberta,Females,2019-07-01,1148.30,1077.00,71.30
Alberta,Females,2019-08-01,1145.60,1080.20,65.40
Alberta,Females,2019-09-01,1153.40,1086.10,67.30
Alberta,Females,2019-10-01,1158.70,1089.60,69.10
Alberta,Females,2019-11-01,1150.80,1076.40,74.40
Alberta,Females,2019-12-01,1147.10,1074.70,72.40
Alberta,Females,2020-01-01,1147.40,1063.60,83.80
Alberta,Females,2020-02-01,1149.80,1072.10,77.70
Alberta,Females,2020-03-01,1098.80,999.60,99.20
Alberta,Females,2020-04-01,1030.70,882.30,148.40
Alberta,Females,2020-05-01,1042.90,889.60,153.30
Alberta,Females,2020-06-01,1100.20,940.50,159.80
Alberta,Females,2020-07-01,1115.30,981.40,134.00
Alberta,Females,2020-08-01,1109.90,987.70,122.20
